image_name,type,source_dir
2019713452-2249.jpg,BOOK_PAGE,early-copyright_2025-06-02
2019713442-42.jpg,BOOK_PAGE,early-copyright_2025-06-02
mss1187900951-29.jpg,BOOK_PAGE,downloads_truly-douglass_2025-02-03
2019713451-2338.jpg,BOOK_PAGE,early-copyright_2025-06-02
2019713445-2433.jpg,BOOK_PAGE,early-copyright_2025-06-02
2019713445-1586.jpg,BOOK_PAGE,early-copyright_2025-06-02
mss83434310-3.jpg,BOOK_PAGE,downloads_gladstone
mss154040426-18.jpg,BOOK_PAGE,downloads_carrie-chapman-catt
2019713449-989.jpg,BOOK_PAGE,early-copyright_2025-06-02
mss83434314-34.jpg,BOOK_PAGE,downloads_gladstone
mss83434495-95.jpg,BOOK_PAGE,downloads_gladstone
mss83434414-48.jpg,BOOK_PAGE,downloads_gladstone
2019713431-55.jpg,BOOK_PAGE,early-copyright_2025-06-02
mss154040022-33.jpg,BOOK_PAGE,downloads_carrie-chapman-catt
mss154040478-9.jpg,BOOK_PAGE,downloads_carrie-chapman-catt
mss83434254-2.jpg,BOOK_PAGE,downloads_gladstone
2019713451-1873.jpg,BOOK_PAGE,early-copyright_2025-06-02
mss83434310-8.jpg,BOOK_PAGE,downloads_gladstone
2019713445-1752.jpg,BOOK_PAGE,early-copyright_2025-06-02
2019713425-391.jpg,BOOK_PAGE,early-copyright_2025-06-02
mss1187900115-40.jpg,BOOK_PAGE,downloads_truly-douglass_2025-02-03
mss83434250-13.jpg,BOOK_PAGE,downloads_gladstone
mss83434495-90.jpg,BOOK_PAGE,downloads_gladstone
mss83434182-82.jpg,BOOK_PAGE,downloads_gladstone
mss83434250-129.jpg,BOOK_PAGE,downloads_gladstone
mss83434262-14.jpg,BOOK_PAGE,downloads_gladstone
mss83434182-73.jpg,BOOK_PAGE,downloads_gladstone
2019713452-623.jpg,BOOK_PAGE,early-copyright_2025-06-02
mss83434250-107.jpg,BOOK_PAGE,downloads_gladstone
mss83434250-12.jpg,BOOK_PAGE,downloads_gladstone
2019713436-1624.jpg,BOOK_PAGE,early-copyright_2025-06-02
mss83434252-16.jpg,BOOK_PAGE,downloads_gladstone
2019713456-237.jpg,BOOK_PAGE,early-copyright_2025-06-02
2019713437-183.jpg,BOOK_PAGE,early-copyright_2025-06-02
2019713437-100.jpg,BOOK_PAGE,early-copyright_2025-06-02
mss83434126-94.jpg,BOOK_PAGE,downloads_gladstone
mss83434255-39.jpg,BOOK_PAGE,downloads_gladstone
mss425490301-37.jpg,BOOK_PAGE,downloads_mary-church-terrell
2019713439-1945.jpg,BOOK_PAGE,early-copyright_2025-06-02
mss83434310-24.jpg,BOOK_PAGE,downloads_gladstone
2019713454-2885.jpg,BOOK_PAGE,early-copyright_2025-06-02
mss83434233-15.jpg,BOOK_PAGE,downloads_gladstone
mss83434296-26.jpg,BOOK_PAGE,downloads_gladstone
2019713452-1866.jpg,BOOK_PAGE,early-copyright_2025-06-02
mss83434224-14.jpg,BOOK_PAGE,downloads_gladstone
mss1187901000-6.jpg,BOOK_PAGE,downloads_truly-douglass_2025-02-03
2019713442-229.jpg,BOOK_PAGE,early-copyright_2025-06-02
2019713442-700.jpg,BOOK_PAGE,early-copyright_2025-06-02
mss154040067-648.jpg,BOOK_PAGE,downloads_carrie-chapman-catt
2019713440-464.jpg,BOOK_PAGE,early-copyright_2025-06-02
mss83434351-26.jpg,BOOK_PAGE,downloads_gladstone
2019713454-3426.jpg,BOOK_PAGE,early-copyright_2025-06-02
mss83434314-76.jpg,BOOK_PAGE,downloads_gladstone
2019713460-427.jpg,BOOK_PAGE,early-copyright_2025-06-02
mss83434137-26.jpg,BOOK_PAGE,downloads_gladstone
mss83434297-29.jpg,BOOK_PAGE,downloads_gladstone
mss154040483-95.jpg,BOOK_PAGE,downloads_carrie-chapman-catt
mss83434296-19.jpg,BOOK_PAGE,downloads_gladstone
mss83434255-69.jpg,BOOK_PAGE,downloads_gladstone
mss83434252-10.jpg,BOOK_PAGE,downloads_gladstone
2019713446-2471.jpg,BOOK_PAGE,early-copyright_2025-06-02
mss1187900045-93.jpg,BOOK_PAGE,downloads_truly-douglass_2025-02-03
2019713424-379.jpg,BOOK_PAGE,early-copyright_2025-06-02
2019713453-3261.jpg,BOOK_PAGE,early-copyright_2025-06-02
2019713438-248.jpg,BOOK_PAGE,early-copyright_2025-06-02
2019713432-1588.jpg,BOOK_PAGE,early-copyright_2025-06-02
mss1187900106-61.jpg,BOOK_PAGE,downloads_truly-douglass_2025-02-03
mss83434255-77.jpg,BOOK_PAGE,downloads_gladstone
2019713428-610.jpg,BOOK_PAGE,early-copyright_2025-06-02
mss83434126-171.jpg,BOOK_PAGE,downloads_gladstone
mss154040424-47.jpg,BOOK_PAGE,downloads_carrie-chapman-catt
mss83434254-18.jpg,BOOK_PAGE,downloads_gladstone
mss83434182-138.jpg,BOOK_PAGE,downloads_gladstone
mss83434424-65.jpg,BOOK_PAGE,downloads_gladstone
2019713423-357.jpg,BOOK_PAGE,early-copyright_2025-06-02
mss83434343-6.jpg,BOOK_PAGE,downloads_gladstone
mss83434331-12.jpg,BOOK_PAGE,downloads_gladstone
mss83434297-10.jpg,BOOK_PAGE,downloads_gladstone
2019713460-73.jpg,BOOK_PAGE,early-copyright_2025-06-02
mss83434495-35.jpg,BOOK_PAGE,downloads_gladstone
2019713460-1280.jpg,BOOK_PAGE,early-copyright_2025-06-02
mss3413201803-7.jpg,BOOK_PAGE,downloads_nawsa
2019713431-394.jpg,BOOK_PAGE,early-copyright_2025-06-02
mss83434182-147.jpg,BOOK_PAGE,downloads_gladstone
mss83434414-12.jpg,BOOK_PAGE,downloads_gladstone
2019713456-226.jpg,BOOK_PAGE,early-copyright_2025-06-02
mss83434126-105.jpg,BOOK_PAGE,downloads_gladstone
2022687381-123.jpg,BOOK_PAGE,early-copyright_2025-06-02
mss154040483-42.jpg,BOOK_PAGE,downloads_carrie-chapman-catt
2019713456-2274.jpg,BOOK_PAGE,early-copyright_2025-06-02
mss83434126-149.jpg,BOOK_PAGE,downloads_gladstone
2019713441-1592.jpg,BOOK_PAGE,early-copyright_2025-06-02
mss83434325-4.jpg,BOOK_PAGE,downloads_gladstone
mss154040220-11.jpg,BOOK_PAGE,downloads_carrie-chapman-catt
2019713416-764.jpg,BOOK_PAGE,early-copyright_2025-06-02
2019713418-213.jpg,BOOK_PAGE,early-copyright_2025-06-02
2019713431-213.jpg,BOOK_PAGE,early-copyright_2025-06-02
2019713429-846.jpg,BOOK_PAGE,early-copyright_2025-06-02
mss83434314-28.jpg,BOOK_PAGE,downloads_gladstone
mss154040483-76.jpg,BOOK_PAGE,downloads_carrie-chapman-catt
mss83434182-30.jpg,BOOK_PAGE,downloads_gladstone
2019713437-719.jpg,BOOK_PAGE,early-copyright_2025-06-02
mss83434224-62.jpg,BOOK_PAGE,downloads_gladstone
mss184240331-63.jpg,BOOK_PAGE,downloads_anna-e-dickinson
mss859430248-51.jpg,BOOK_PAGE,downloads_rosa-parks
mss83434182-161.jpg,BOOK_PAGE,downloads_gladstone
2019713442-145.jpg,BOOK_PAGE,early-copyright_2025-06-02
mss83434136-3.jpg,BOOK_PAGE,downloads_gladstone
mss1288000676-23.jpg,BOOK_PAGE,downloads_blackwells-extraordinary-family_2024-05-23
mss83434182-139.jpg,BOOK_PAGE,downloads_gladstone
2019713454-2819.jpg,BOOK_PAGE,early-copyright_2025-06-02
mss425490704-20.jpg,BOOK_PAGE,downloads_mary-church-terrell
mss83434224-9.jpg,BOOK_PAGE,downloads_gladstone
mss425490060-43.jpg,BOOK_PAGE,downloads_mary-church-terrell
mss83434351-13.jpg,BOOK_PAGE,downloads_gladstone
2022687381-320.jpg,BOOK_PAGE,early-copyright_2025-06-02
mss83434033-2.jpg,BOOK_PAGE,downloads_gladstone
2019713436-721.jpg,BOOK_PAGE,early-copyright_2025-06-02
mss83434137-19.jpg,BOOK_PAGE,downloads_gladstone
mss83434251-6.jpg,BOOK_PAGE,downloads_gladstone
mss154040406-8.jpg,BOOK_PAGE,downloads_carrie-chapman-catt
2019713450-2437.jpg,BOOK_PAGE,early-copyright_2025-06-02
mss83434224-11.jpg,BOOK_PAGE,downloads_gladstone
mss83434414-27.jpg,BOOK_PAGE,downloads_gladstone
mss83434182-33.jpg,BOOK_PAGE,downloads_gladstone
2019713456-1604.jpg,BOOK_PAGE,early-copyright_2025-06-02
mss83434182-123.jpg,BOOK_PAGE,downloads_gladstone
mss83434192-10.jpg,BOOK_PAGE,downloads_gladstone
mss83434314-25.jpg,BOOK_PAGE,downloads_gladstone
mss154040052-6.jpg,BOOK_PAGE,downloads_carrie-chapman-catt
mss83434224-48.jpg,BOOK_PAGE,downloads_gladstone
mss83434182-109.jpg,BOOK_PAGE,downloads_gladstone
2019713442-1089.jpg,BOOK_PAGE,early-copyright_2025-06-02
mss83434239-34.jpg,BOOK_PAGE,downloads_gladstone
2019713439-1709.jpg,BOOK_PAGE,early-copyright_2025-06-02
mss859430252-27.jpg,BOOK_PAGE,downloads_rosa-parks
2019713414-133.jpg,BOOK_PAGE,early-copyright_2025-06-02
mss83434414-23.jpg,BOOK_PAGE,downloads_gladstone
mss83434250-95.jpg,BOOK_PAGE,downloads_gladstone
2019713429-85.jpg,BOOK_PAGE,early-copyright_2025-06-02
2019713454-108.jpg,BOOK_PAGE,early-copyright_2025-06-02
mss83434250-109.jpg,BOOK_PAGE,downloads_gladstone
mss83434262-33.jpg,BOOK_PAGE,downloads_gladstone
mss154040487-54.jpg,BOOK_PAGE,downloads_carrie-chapman-catt
2019713457-21.jpg,BOOK_PAGE,early-copyright_2025-06-02
mss83434414-20.jpg,BOOK_PAGE,downloads_gladstone
2019713460-569.jpg,BOOK_PAGE,early-copyright_2025-06-02
mss83434250-110.jpg,BOOK_PAGE,downloads_gladstone
mss83434296-47.jpg,BOOK_PAGE,downloads_gladstone
2022687381-858.jpg,BOOK_PAGE,early-copyright_2025-06-02
2019713443-998.jpg,BOOK_PAGE,early-copyright_2025-06-02
mss83434182-94.jpg,BOOK_PAGE,downloads_gladstone
mss154040013-16.jpg,BOOK_PAGE,downloads_carrie-chapman-catt
mss83434495-59.jpg,BOOK_PAGE,downloads_gladstone
mss1187900951-57.jpg,BOOK_PAGE,downloads_truly-douglass_2025-02-03
mss83434250-61.jpg,BOOK_PAGE,downloads_gladstone
mss83434262-18.jpg,BOOK_PAGE,downloads_gladstone
2019713452-3120.jpg,BOOK_PAGE,early-copyright_2025-06-02
2019713439-1586.jpg,BOOK_PAGE,early-copyright_2025-06-02
mss83434126-187.jpg,BOOK_PAGE,downloads_gladstone
2019713454-3444.jpg,HANDWRITTEN,early-copyright_2025-06-02
mss3413200106-27.jpg,HANDWRITTEN,downloads_nawsa
mss1187900092-28.jpg,HANDWRITTEN,downloads_truly-douglass_2025-02-03
mss184240202-4.jpg,HANDWRITTEN,downloads_anna-e-dickinson
mss154040291-2.jpg,HANDWRITTEN,downloads_carrie-chapman-catt
mss184240331-29.jpg,HANDWRITTEN,downloads_anna-e-dickinson
mss1187900107-43.jpg,HANDWRITTEN,downloads_truly-douglass_2025-02-03
mss83434433-2.jpg,HANDWRITTEN,downloads_gladstone
mss184240352-48.jpg,HANDWRITTEN,downloads_anna-e-dickinson
mss184240334-144.jpg,HANDWRITTEN,downloads_anna-e-dickinson
mss1187900096-56.jpg,HANDWRITTEN,downloads_truly-douglass_2025-02-03
mss1187900087-47.jpg,HANDWRITTEN,downloads_truly-douglass_2025-02-03
mss425490043-6.jpg,HANDWRITTEN,downloads_mary-church-terrell
mss1187900067-48.jpg,HANDWRITTEN,downloads_truly-douglass_2025-02-03
mss184240089-164.jpg,HANDWRITTEN,downloads_anna-e-dickinson
mss1187900106-11.jpg,HANDWRITTEN,downloads_truly-douglass_2025-02-03
mss184240102-80.jpg,HANDWRITTEN,downloads_anna-e-dickinson
mss184240109-16.jpg,HANDWRITTEN,downloads_anna-e-dickinson
mss1187900092-33.jpg,HANDWRITTEN,downloads_truly-douglass_2025-02-03
mss154040094-4.jpg,HANDWRITTEN,downloads_carrie-chapman-catt
mss1187900095-49.jpg,HANDWRITTEN,downloads_truly-douglass_2025-02-03
mss859430014-8.jpg,HANDWRITTEN,downloads_rosa-parks
mss184240211-76.jpg,HANDWRITTEN,downloads_anna-e-dickinson
mss1187900113-45.jpg,HANDWRITTEN,downloads_truly-douglass_2025-02-03
mss154040430-20.jpg,HANDWRITTEN,downloads_carrie-chapman-catt
mss3413201207-9.jpg,HANDWRITTEN,downloads_nawsa
mss154040271-18.jpg,HANDWRITTEN,downloads_carrie-chapman-catt
mss184240333-15.jpg,HANDWRITTEN,downloads_anna-e-dickinson
mss1187900032-2.jpg,HANDWRITTEN,downloads_truly-douglass_2025-02-03
mss1288000795-64.jpg,HANDWRITTEN,downloads_blackwells-extraordinary-family_2024-05-23
mss1288000772-26.jpg,HANDWRITTEN,downloads_blackwells-extraordinary-family_2024-05-23
mss154040164-5.jpg,HANDWRITTEN,downloads_carrie-chapman-catt
mss184240162-93.jpg,HANDWRITTEN,downloads_anna-e-dickinson
mss154040428-13.jpg,HANDWRITTEN,downloads_carrie-chapman-catt
mss184240125-43.jpg,HANDWRITTEN,downloads_anna-e-dickinson
mss154040278-11.jpg,HANDWRITTEN,downloads_carrie-chapman-catt
mss184240058-292.jpg,HANDWRITTEN,downloads_anna-e-dickinson
mss154040148-47.jpg,HANDWRITTEN,downloads_carrie-chapman-catt
mss83434187-3.jpg,HANDWRITTEN,downloads_gladstone
mss1187900108-38.jpg,HANDWRITTEN,downloads_truly-douglass_2025-02-03
mss184240270-16.jpg,HANDWRITTEN,downloads_anna-e-dickinson
mss1187900072-53.jpg,HANDWRITTEN,downloads_truly-douglass_2025-02-03
mss1288000795-35.jpg,HANDWRITTEN,downloads_blackwells-extraordinary-family_2024-05-23
mss1288001758-6.jpg,HANDWRITTEN,downloads_blackwells-extraordinary-family_2024-05-23
mss154040333-2.jpg,HANDWRITTEN,downloads_carrie-chapman-catt
mss1288001061-3.jpg,HANDWRITTEN,downloads_blackwells-extraordinary-family_2024-05-23
mss154040268-45.jpg,HANDWRITTEN,downloads_carrie-chapman-catt
mss154040278-6.jpg,HANDWRITTEN,downloads_carrie-chapman-catt
mss83434493-1.jpg,HANDWRITTEN,downloads_gladstone
mss1187900041-38.jpg,HANDWRITTEN,downloads_truly-douglass_2025-02-03
mss154040165-26.jpg,HANDWRITTEN,downloads_carrie-chapman-catt
mss184240100-72.jpg,HANDWRITTEN,downloads_anna-e-dickinson
mss154040168-11.jpg,HANDWRITTEN,downloads_carrie-chapman-catt
mss1187900066-39.jpg,HANDWRITTEN,downloads_truly-douglass_2025-02-03
2019713446-2236.jpg,HANDWRITTEN,early-copyright_2025-06-02
mss184240036-71.jpg,HANDWRITTEN,downloads_anna-e-dickinson
mss1288000771-6.jpg,HANDWRITTEN,downloads_blackwells-extraordinary-family_2024-05-23
mss1187900122-19.jpg,HANDWRITTEN,downloads_truly-douglass_2025-02-03
mss1187900053-61.jpg,HANDWRITTEN,downloads_truly-douglass_2025-02-03
mss154040147-18.jpg,HANDWRITTEN,downloads_carrie-chapman-catt
mss1187900061-25.jpg,HANDWRITTEN,downloads_truly-douglass_2025-02-03
mss1187900138-1.jpg,HANDWRITTEN,downloads_truly-douglass_2025-02-03
mss1187900093-47.jpg,HANDWRITTEN,downloads_truly-douglass_2025-02-03
mss1187900061-5.jpg,HANDWRITTEN,downloads_truly-douglass_2025-02-03
mss154040268-48.jpg,HANDWRITTEN,downloads_carrie-chapman-catt
mss83434126-67.jpg,HANDWRITTEN,downloads_gladstone
mss154040164-18.jpg,HANDWRITTEN,downloads_carrie-chapman-catt
mss83434126-182.jpg,HANDWRITTEN,downloads_gladstone
mss1288000539-4.jpg,HANDWRITTEN,downloads_blackwells-extraordinary-family_2024-05-23
mss184240258-18.jpg,HANDWRITTEN,downloads_anna-e-dickinson
mss184240020-42.jpg,HANDWRITTEN,downloads_anna-e-dickinson
mss1187900041-49.jpg,HANDWRITTEN,downloads_truly-douglass_2025-02-03
mss1187900967-7.jpg,HANDWRITTEN,downloads_truly-douglass_2025-02-03
mss1187900133-26.jpg,HANDWRITTEN,downloads_truly-douglass_2025-02-03
mss154040133-3.jpg,HANDWRITTEN,downloads_carrie-chapman-catt
mss184240091-69.jpg,HANDWRITTEN,downloads_anna-e-dickinson
mss1187900092-56.jpg,HANDWRITTEN,downloads_truly-douglass_2025-02-03
mss184240235-4.jpg,HANDWRITTEN,downloads_anna-e-dickinson
mss184240130-127.jpg,HANDWRITTEN,downloads_anna-e-dickinson
mss154040244-5.jpg,HANDWRITTEN,downloads_carrie-chapman-catt
mss1187900115-32.jpg,HANDWRITTEN,downloads_truly-douglass_2025-02-03
mss83434133-1.jpg,HANDWRITTEN,downloads_gladstone
mss184240269-54.jpg,HANDWRITTEN,downloads_anna-e-dickinson
mss184240335-125.jpg,HANDWRITTEN,downloads_anna-e-dickinson
mss83434018-1.jpg,HANDWRITTEN,downloads_gladstone
mss859430059-11.jpg,HANDWRITTEN,downloads_rosa-parks
mss1187900037-78.jpg,HANDWRITTEN,downloads_truly-douglass_2025-02-03
mss1288000783-23.jpg,HANDWRITTEN,downloads_blackwells-extraordinary-family_2024-05-23
mss1187900072-30.jpg,HANDWRITTEN,downloads_truly-douglass_2025-02-03
mss184240200-27.jpg,HANDWRITTEN,downloads_anna-e-dickinson
mss1187900105-38.jpg,HANDWRITTEN,downloads_truly-douglass_2025-02-03
mss1187900967-20.jpg,HANDWRITTEN,downloads_truly-douglass_2025-02-03
mss1187900971-5.jpg,HANDWRITTEN,downloads_truly-douglass_2025-02-03
mss1187900128-17.jpg,HANDWRITTEN,downloads_truly-douglass_2025-02-03
mss184240345-7.jpg,HANDWRITTEN,downloads_anna-e-dickinson
mss83434502-1.jpg,HANDWRITTEN,downloads_gladstone
mss154040163-11.jpg,HANDWRITTEN,downloads_carrie-chapman-catt
mss1288000078-3.jpg,HANDWRITTEN,downloads_blackwells-extraordinary-family_2024-05-23
mss1187900103-5.jpg,HANDWRITTEN,downloads_truly-douglass_2025-02-03
mss1187900114-40.jpg,HANDWRITTEN,downloads_truly-douglass_2025-02-03
mss83434319-1.jpg,HANDWRITTEN,downloads_gladstone
mss859430015-37.jpg,HANDWRITTEN,downloads_rosa-parks
mss1187900126-24.jpg,HANDWRITTEN,downloads_truly-douglass_2025-02-03
mss1187900030-4.jpg,HANDWRITTEN,downloads_truly-douglass_2025-02-03
mss1187900084-23.jpg,HANDWRITTEN,downloads_truly-douglass_2025-02-03
mss83434055-2.jpg,HANDWRITTEN,downloads_gladstone
mss1187900139-16.jpg,HANDWRITTEN,downloads_truly-douglass_2025-02-03
mss1187900046-4.jpg,HANDWRITTEN,downloads_truly-douglass_2025-02-03
mss1288000061-32.jpg,HANDWRITTEN,downloads_blackwells-extraordinary-family_2024-05-23
mss154040228-5.jpg,HANDWRITTEN,downloads_carrie-chapman-catt
mss1187900100-3.jpg,HANDWRITTEN,downloads_truly-douglass_2025-02-03
mss3413200947-29.jpg,HANDWRITTEN,downloads_nawsa
mss154040268-3.jpg,HANDWRITTEN,downloads_carrie-chapman-catt
mss1187900968-79.jpg,HANDWRITTEN,downloads_truly-douglass_2025-02-03
mss1187900039-112.jpg,HANDWRITTEN,downloads_truly-douglass_2025-02-03
mss1187900114-2.jpg,HANDWRITTEN,downloads_truly-douglass_2025-02-03
mss184240077-19.jpg,HANDWRITTEN,downloads_anna-e-dickinson
mss425490019-18.jpg,HANDWRITTEN,downloads_mary-church-terrell
mss1187900040-109.jpg,HANDWRITTEN,downloads_truly-douglass_2025-02-03
mss1187900140-75.jpg,HANDWRITTEN,downloads_truly-douglass_2025-02-03
2019713430-1723.jpg,OTHER_TYPED_OR_PRINTED,early-copyright_2025-06-02
2019713451-2713.jpg,OTHER_TYPED_OR_PRINTED,early-copyright_2025-06-02
2019713438-1107.jpg,OTHER_TYPED_OR_PRINTED,early-copyright_2025-06-02
mss859430249-3.jpg,OTHER_TYPED_OR_PRINTED,downloads_rosa-parks
mss859430237-3.jpg,OTHER_TYPED_OR_PRINTED,downloads_rosa-parks
mss425490753-19.jpg,OTHER_TYPED_OR_PRINTED,downloads_mary-church-terrell
mss154040374-5.jpg,OTHER_TYPED_OR_PRINTED,downloads_carrie-chapman-catt
2019713446-615.jpg,OTHER_TYPED_OR_PRINTED,early-copyright_2025-06-02
mss3413201919-43.jpg,OTHER_TYPED_OR_PRINTED,downloads_nawsa
mss1187900114-42.jpg,OTHER_TYPED_OR_PRINTED,downloads_truly-douglass_2025-02-03
mss425490168-15.jpg,OTHER_TYPED_OR_PRINTED,downloads_mary-church-terrell
mss83434297-4.jpg,OTHER_TYPED_OR_PRINTED,downloads_gladstone
mss184240109-92.jpg,OTHER_TYPED_OR_PRINTED,downloads_anna-e-dickinson
mss3413200668-12.jpg,OTHER_TYPED_OR_PRINTED,downloads_nawsa
mss859430020-4.jpg,OTHER_TYPED_OR_PRINTED,downloads_rosa-parks
mss154040266-8.jpg,OTHER_TYPED_OR_PRINTED,downloads_carrie-chapman-catt
2019713442-2207.jpg,OTHER_TYPED_OR_PRINTED,early-copyright_2025-06-02
mss1288000687-24.jpg,OTHER_TYPED_OR_PRINTED,downloads_blackwells-extraordinary-family_2024-05-23
mss154040179-2.jpg,OTHER_TYPED_OR_PRINTED,downloads_carrie-chapman-catt
mss1288000636-15.jpg,OTHER_TYPED_OR_PRINTED,downloads_blackwells-extraordinary-family_2024-05-23
mss154040168-30.jpg,OTHER_TYPED_OR_PRINTED,downloads_carrie-chapman-catt
mss83434504-100.jpg,OTHER_TYPED_OR_PRINTED,downloads_gladstone
2019713445-2715.jpg,OTHER_TYPED_OR_PRINTED,early-copyright_2025-06-02
2019713454-3713.jpg,OTHER_TYPED_OR_PRINTED,early-copyright_2025-06-02
mss154040341-2.jpg,OTHER_TYPED_OR_PRINTED,downloads_carrie-chapman-catt
mss425490151-21.jpg,OTHER_TYPED_OR_PRINTED,downloads_mary-church-terrell
mss3413201344-39.jpg,OTHER_TYPED_OR_PRINTED,downloads_nawsa
2019713461-1376.jpg,OTHER_TYPED_OR_PRINTED,early-copyright_2025-06-02
mss154040085-2.jpg,OTHER_TYPED_OR_PRINTED,downloads_carrie-chapman-catt
mss154040373-7.jpg,OTHER_TYPED_OR_PRINTED,downloads_carrie-chapman-catt
mss425490178-6.jpg,OTHER_TYPED_OR_PRINTED,samples
mss1288001315-10.jpg,OTHER_TYPED_OR_PRINTED,downloads_blackwells-extraordinary-family_2024-05-23
2019713421-5.jpg,OTHER_TYPED_OR_PRINTED,early-copyright_2025-06-02
mss154040163-18.jpg,OTHER_TYPED_OR_PRINTED,downloads_carrie-chapman-catt
2019713432-1462.jpg,OTHER_TYPED_OR_PRINTED,early-copyright_2025-06-02
2019713453-1020.jpg,OTHER_TYPED_OR_PRINTED,early-copyright_2025-06-02
mss83434402-9.jpg,OTHER_TYPED_OR_PRINTED,downloads_gladstone
mss1288002029-4.jpg,OTHER_TYPED_OR_PRINTED,downloads_blackwells-extraordinary-family_2024-05-23
2019713442-448.jpg,OTHER_TYPED_OR_PRINTED,early-copyright_2025-06-02
mss3413201323-27.jpg,OTHER_TYPED_OR_PRINTED,downloads_nawsa
mss1187900091-92.jpg,MIXED,downloads_truly-douglass_2025-02-03
mss3413201277-2.jpg,MIXED,downloads_nawsa
mss1187900065-26.jpg,MIXED,downloads_truly-douglass_2025-02-03
2019713447-2206.jpg,MIXED,early-copyright_2025-06-02
mss154040194-2.jpg,MIXED,downloads_carrie-chapman-catt
mss1187900080-73.jpg,MIXED,downloads_truly-douglass_2025-02-03
mss1187900156-48.jpg,MIXED,downloads_truly-douglass_2025-02-03
mss154040056-2.jpg,MIXED,downloads_carrie-chapman-catt
mss3413201202-48.jpg,MIXED,downloads_nawsa
mss83434335-2.jpg,MIXED,downloads_gladstone
mss1187900081-62.jpg,MIXED,downloads_truly-douglass_2025-02-03
mss3413200849-32.jpg,MIXED,downloads_nawsa
2019713442-2128.jpg,MIXED,early-copyright_2025-06-02
mss83434038-2.jpg,MIXED,downloads_gladstone
mss1187900106-35.jpg,MIXED,downloads_truly-douglass_2025-02-03
2019713452-1068.jpg,MIXED,early-copyright_2025-06-02
2019713425-623.jpg,MIXED,early-copyright_2025-06-02
mss154040164-7.jpg,MIXED,downloads_carrie-chapman-catt
mss83434157-7.jpg,MIXED,downloads_gladstone
mss1187900117-1.jpg,MIXED,downloads_truly-douglass_2025-02-03
mss1187900065-51.jpg,MIXED,downloads_truly-douglass_2025-02-03
2022687381-308.jpg,MIXED,early-copyright_2025-06-02
mss83434263-1.jpg,MIXED,downloads_gladstone
mss154040052-41.jpg,MIXED,downloads_carrie-chapman-catt
2019713443-844.jpg,MIXED,early-copyright_2025-06-02
mss859430428-12.jpg,MIXED,downloads_rosa-parks
mss83434148-3.jpg,MIXED,downloads_gladstone
mss3413201758-21.jpg,MIXED,downloads_nawsa
2022658792-47.jpg,MIXED,early-copyright_2025-06-02
mss83434464-3.jpg,MIXED,downloads_gladstone
mss83434482-2.jpg,MIXED,downloads_gladstone
mss1187900079-79.jpg,MIXED,downloads_truly-douglass_2025-02-03
mss3413201847-63.jpg,MIXED,downloads_nawsa
2019713438-469.jpg,MIXED,early-copyright_2025-06-02
mss859430318-6.jpg,MIXED,downloads_rosa-parks
mss83434498-1.jpg,MIXED,downloads_gladstone
mss83434314-36.jpg,MIXED,downloads_gladstone
mss1187900127-29.jpg,MIXED,downloads_truly-douglass_2025-02-03
mss184240051-17.jpg,MIXED,downloads_anna-e-dickinson
mss1187900105-21.jpg,MIXED,downloads_truly-douglass_2025-02-03
2019713453-1077.jpg,MIXED,early-copyright_2025-06-02
mss184240124-14.jpg,MIXED,downloads_anna-e-dickinson
mss184240264-23.jpg,MIXED,downloads_anna-e-dickinson
mss1187900086-98.jpg,MIXED,downloads_truly-douglass_2025-02-03
mss1187900051-26.jpg,MIXED,downloads_truly-douglass_2025-02-03
mss154040008-47.jpg,MIXED,downloads_carrie-chapman-catt
mss83434298-3.jpg,MIXED,downloads_gladstone
mss1288000006-314.jpg,MIXED,downloads_blackwells-extraordinary-family_2024-05-23
2019713462-436.jpg,MIXED,early-copyright_2025-06-02
mss3413201214-11.jpg,MIXED,downloads_nawsa
2019713461-676.jpg,MIXED,early-copyright_2025-06-02
mss1187900108-33.jpg,MIXED,downloads_truly-douglass_2025-02-03
mss154040167-5.jpg,MIXED,downloads_carrie-chapman-catt
mss1187900065-27.jpg,MIXED,downloads_truly-douglass_2025-02-03
mss1187900134-57.jpg,MIXED,downloads_truly-douglass_2025-02-03
mss1187900080-39.jpg,MIXED,downloads_truly-douglass_2025-02-03
2019713456-4017.jpg,MIXED,early-copyright_2025-06-02
mss83434280-3.jpg,MIXED,downloads_gladstone
2019713440-1687.jpg,MIXED,early-copyright_2025-06-02
mss425490038-29.jpg,MIXED,downloads_mary-church-terrell
2019713434-805.jpg,MIXED,early-copyright_2025-06-02
mss859430427-16.jpg,MIXED,downloads_rosa-parks
mss1187900062-14.jpg,MIXED,downloads_truly-douglass_2025-02-03
mss3413201949-23.jpg,MIXED,downloads_nawsa
mss3413200298-4.jpg,MIXED,downloads_nawsa
2019713455-1051.jpg,MIXED,early-copyright_2025-06-02
mss1187900154-26.jpg,MIXED,downloads_truly-douglass_2025-02-03
mss1187900088-30.jpg,MIXED,downloads_truly-douglass_2025-02-03
mss1288000207-5.jpg,MIXED,downloads_blackwells-extraordinary-family_2024-05-23
mss1187900084-21.jpg,MIXED,downloads_truly-douglass_2025-02-03
mss83434026-1.jpg,MIXED,downloads_gladstone
2019713458-331.jpg,MIXED,early-copyright_2025-06-02
mss184240143-2.jpg,MIXED,downloads_anna-e-dickinson
mss1288002083-30.jpg,MIXED,downloads_blackwells-extraordinary-family_2024-05-23
mss1187900043-18.jpg,MIXED,downloads_truly-douglass_2025-02-03
mss154040279-2.jpg,MIXED,downloads_carrie-chapman-catt
mss154040387-2.jpg,MIXED,downloads_carrie-chapman-catt
mss154040230-14.jpg,MIXED,downloads_carrie-chapman-catt
mss154040431-13.jpg,MIXED,downloads_carrie-chapman-catt
mss154040230-8.jpg,MIXED,downloads_carrie-chapman-catt
